gpt-3.5-turbo,gpt-4,llama-2-7b-chat.Q4_K_M.gguf,llama-2-13b-chat.Q4_K_M.gguf,,
quarterly.,quarterly.,"  According to the information provided in the context, the payment frequency is quarterly.","  Sure, based on the information provided in the context, the payment frequency is quarterly.",,
quarterly.,quarterly.,"  According to the information provided in the context, the payment frequency is quarterly.","  Sure! Based on the information provided in the context, the payment frequency is quarterly.",,
quarterly.,quarterly.,"  According to the information provided in the context, the payment frequency is quarterly.","  Sure, I have noted the information provided in the context:

* Effective Date: 15 June 2010
* Maturity Date: 15 June 2020
* Payment Frequency: Quarterly

Based on this information, the payment frequency is quarterly.",,
quarterly.,quarterly.,"  According to the information provided in the context, the payment frequency is quarterly.","  Sure, I have noted the information provided in the context:

* Effective Date: 15 June 2010
* Maturity Date: 15 June 2020
* Payment Frequency: Quarterly

Based on this information, the payment frequency is quarterly.",,
quarterly.,quarterly.,"  According to the information provided in the context, the payment frequency is quarterly.","  Sure, I have noted the information provided in the context:

* Effective Date: 15 June 2010
* Maturity Date: 15 June 2020
* Payment Frequency: Quarterly

Based on this information, the payment frequency is quarterly.",,
quarterly.,quarterly.,"  According to the information provided in the context, the payment frequency is quarterly.","  Sure, I've noted the information you provided:

* Effective Date: 15 June 2010
* Maturity Date: 15 June 2020
* Payment Frequency: Quarterly

Based on the information provided, the payment frequency is quarterly.",,
quarterly.,quarterly.,"  According to the information provided in the context, the payment frequency is quarterly.","  Sure! Based on the information provided in the context, the payment frequency is quarterly.",,
quarterly.,quarterly.,"  According to the information provided in the context, the payment frequency is quarterly.","  Sure, I have noted the information provided in the context:

* Effective Date: 15 June 2010
* Maturity Date: 15 June 2020
* Payment Frequency: Quarterly

Based on this information, the payment frequency is quarterly.",,
quarterly.,quarterly.,"  According to the information provided in the context, the payment frequency is quarterly.","  Sure, I have noted the information provided in the context:

* Effective Date: 15 June 2010
* Maturity Date: 15 June 2020
* Payment Frequency: Quarterly

Based on this information, the payment frequency is quarterly.",,
quarterly.,quarterly.,"  According to the information provided in the context, the payment frequency is quarterly.","  Sure, I have noted the information provided in the context:

* Effective Date: 15 June 2010
* Maturity Date: 15 June 2020
* Payment Frequency: Quarterly

Based on this information, the payment frequency is quarterly.",,
quarterly.,quarterly.,"  According to the information provided in the context, the payment frequency is quarterly.","  Sure, I have noted the information provided in the context:

* Effective Date: 15 June 2010
* Maturity Date: 15 June 2020
* Payment Frequency: Quarterly

Based on this information, the payment frequency is quarterly.",,
quarterly.,quarterly.,"  According to the information provided in the context, the payment frequency is quarterly.","  Sure, I have noted the information provided in the context:

* Effective Date: 15 June 2010
* Maturity Date: 15 June 2020
* Payment Frequency: Quarterly

Based on this information, the payment frequency is quarterly.",,
quarterly.,quarterly.,"  According to the information provided in the context, the payment frequency is quarterly.","  Sure, I have noted the information provided in the context:

* Effective Date: 15 June 2010
* Maturity Date: 15 June 2020
* Payment Frequency: Quarterly

Based on this information, the payment frequency is quarterly.",,
quarterly.,quarterly.,"  According to the information provided in the context, the payment frequency is quarterly.","  Sure, I have noted the information provided in the context:

* Effective Date: 15 June 2010
* Maturity Date: 15 June 2020
* Payment Frequency: Quarterly

Based on this information, the payment frequency is quarterly.",,
quarterly.,quarterly.,"  According to the information provided in the context, the payment frequency is quarterly.","  Sure, I understand. Based on the information provided in the context, the payment frequency is quarterly.",,
quarterly.,quarterly.,"  According to the information provided in the context, the payment frequency is quarterly.","  Sure, I have noted the information provided in the context:

* Effective Date: 15 June 2010
* Maturity Date: 15 June 2020
* Payment Frequency: Quarterly

Based on this information, the payment frequency is quarterly.",,
quarterly.,quarterly.,"  According to the information provided in the context, the payment frequency is quarterly.","  Sure, I have noted the information provided in the context:

* Effective Date: 15 June 2010
* Maturity Date: 15 June 2020
* Payment Frequency: Quarterly

Based on this information, the payment frequency is quarterly.",,
quarterly.,quarterly.,"  According to the information provided in the context, the payment frequency is quarterly.","  Sure, I have noted the information provided in the context:

* Effective Date: 15 June 2010
* Maturity Date: 15 June 2020
* Payment Frequency: Quarterly

Based on this information, the payment frequency is quarterly.",,
quarterly.,quarterly.,"  According to the information provided in the context, the payment frequency is quarterly.","  Sure, I have noted the information provided in the context:

* Effective Date: 15 June 2010
* Maturity Date: 15 June 2020
* Payment Frequency: Quarterly

Based on this information, the payment frequency is quarterly.",,
quarterly.,quarterly.,"  According to the information provided in the context, the payment frequency is quarterly.","  Sure! Based on the information provided in the context, the payment frequency is quarterly.",,
quarterly.,quarterly.,"  According to the information provided in the context, the payment frequency is quarterly.","  Sure, I have noted the information provided in the context:

* Effective Date: 15 June 2010
* Maturity Date: 15 June 2020
* Payment Frequency: Quarterly

Based on this information, the payment frequency is quarterly.",,
quarterly.,quarterly.,"  According to the information provided in the context, the payment frequency is quarterly.","  Sure, I have noted the information provided in the context:

* Effective Date: 15 June 2010
* Maturity Date: 15 June 2020
* Payment Frequency: Quarterly

Based on this information, the payment frequency is quarterly.",,
quarterly.,quarterly.,"  According to the information provided in the context, the payment frequency is quarterly.","  Sure, I have noted the information provided in the context:

* Effective Date: 15 June 2010
* Maturity Date: 15 June 2020
* Payment Frequency: Quarterly

Based on this information, the payment frequency is quarterly.",,
quarterly.,quarterly.,"  According to the information provided in the context, the payment frequency is quarterly.","  Sure, I have noted the information provided in the context:

* Effective Date: 15 June 2010
* Maturity Date: 15 June 2020
* Payment Frequency: Quarterly

Based on this information, the payment frequency is quarterly.",,
quarterly.,quarterly.,"  According to the information provided in the context, the payment frequency is quarterly.","  Sure, I have noted the information provided in the context:

* Effective Date: 15 June 2010
* Maturity Date: 15 June 2020
* Payment Frequency: Quarterly

Based on this information, the payment frequency is quarterly.",,
